<CATALOG>
<CD>
	<TEAM>MANCHESTER UNITED</TEAM>
	<POSISI>KIPER</POSISI>
	<PEMAIN>David De Gea</PEMAIN>
	<NEGARA>SPANYOL</NEGARA>
	<NO_PUNGGUNG>1</NO_PUNGGUNG>
</CD>
<CD>
	<TEAM>MANCHESTER UNITED</TEAM>
	<POSISI>KIPER</POSISI>
	<PEMAIN>SERGIO ROMERO</PEMAIN>
	<NEGARA>ARGENTINA</NEGARA>
	<NO_PUNGGUNG>20</NO_PUNGGUNG>
</CD>
<CD>
	<TEAM>MANCHESTER UNITED</TEAM>
	<POSISI>KIPER</POSISI>
	<PEMAIN>JOEL PEREIRA</PEMAIN>
	<NEGARA>PORTUGAL</NEGARA>
	<NO_PUNGGUNG>40</NO_PUNGGUNG>
</CD>
<CD>
	<TEAM>MANCHESTER UNITED</TEAM>
	<POSISI>DEFENDER</POSISI>
	<PEMAIN>VICTOR LINDELOF</PEMAIN>
	<NEGARA>SWEDIA</NEGARA>
	<NO_PUNGGUNG>2</NO_PUNGGUNG></CD>
<CD>
	<TEAM>MANCHESTER UNITED</TEAM>
	<POSISI>DEFENDER</POSISI>
	<PEMAIN>ERIC BAILLY</PEMAIN>
	<NEGARA>PANTAI GADING</NEGARA>
	<NO_PUNGGUNG>3</NO_PUNGGUNG>
</CD>
<CD>
	<TEAM>MANCHESTER UNITED</TEAM>
	<POSISI>DEFENDER</POSISI>
	<PEMAIN>PHIL JONES</PEMAIN>
	<NEGARA>INGGRIS</NEGARA>
	<NO_PUNGGUNG>4</NO_PUNGGUNG>
	</CD>
<CD>
	<TEAM>MANCHESTER UNITED</TEAM>
	<POSISI>DEFENDER</POSISI>
	<PEMAIN>MARCOS ROJO</PEMAIN>
	<NEGARA>ARGENTINA</NEGARA>
	<NO_PUNGGUNG>5</NO_PUNGGUNG>
</CD>
<CD>
	<TEAM>MANCHESTER UNITED</TEAM>
	<POSISI>DEFENDER</POSISI>
	<PEMAIN>CHRIS SMALLING</PEMAIN>
	<NEGARA>INGGRIS</NEGARA>
	<NO_PUNGGUNG>12</NO_PUNGGUNG>
</CD>
<CD>
	<TEAM>MANCHESTER UNITED</TEAM>
	<POSISI>DEFENDER</POSISI>
	<PEMAIN>LUKE SHAW</PEMAIN>
	<NEGARA>INGGRIS</NEGARA>
	<NO_PUNGGUNG>23</NO_PUNGGUNG>
</CD>
<CD>
	<TEAM>MANCHESTER UNITED</TEAM>
	<POSISI>DEFENDER</POSISI>
	<PEMAIN>ANTONIO VALENCIA</PEMAIN>
	<NEGARA>EKUADOR</NEGARA>
	<NO_PUNGGUNG>25</NO_PUNGGUNG>
</CD>
<CD>
	<TEAM>MANCHESTER UNITED</TEAM>
	<POSISI>DEFENDER</POSISI>
	<PEMAIN>MATTEO DARMIAN</PEMAIN>
	<NEGARA>ITALIA</NEGARA>
	<NO_PUNGGUNG>36</NO_PUNGGUNG>
</CD>
<CD>
	<TEAM>MANCHESTER UNITED</TEAM>
	<POSISI>MIDFIELDER</POSISI>
	<PEMAIN>PAUL POGBA</PEMAIN>
	<NEGARA>PRANCIS</NEGARA>
	<NO_PUNGGUNG>6</NO_PUNGGUNG>
</CD>
<CD>
	<TEAM>MANCHESTER UNITED</TEAM>
	<POSISI>MIDFIELDER</POSISI>
	<PEMAIN>JUAN MATA</PEMAIN>
	<NEGARA>SPANYOL</NEGARA>
	<NO_PUNGGUNG>8</NO_PUNGGUNG>
</CD>
<CD>
	<TEAM>MANCHESTER UNITED</TEAM>
	<POSISI>MIDFIELDER</POSISI>
	<PEMAIN>ASHLEY YOUNG</PEMAIN>
	<NEGARA>INGGRIS</NEGARA>
	<NO_PUNGGUNG>18</NO_PUNGGUNG>
</CD>
<CD>
	<TEAM>MANCHESTER UNITED</TEAM>
	<POSISI>MIDFIELDER</POSISI>
	<PEMAIN>ANDER HERRERA</PEMAIN>
	<NEGARA>SPANYOL</NEGARA>
	<NO_PUNGGUNG>21</NO_PUNGGUNG>
</CD>
<CD>
	<TEAM>MANCHESTER UNITED</TEAM>
	<POSISI>MIDFIELDER</POSISI>
	<PEMAIN>MAROUANE FELLAINI</PEMAIN>
	<NEGARA>BELGIA</NEGARA>
	<NO_PUNGGUNG>27</NO_PUNGGUNG>
</CD>
<CD>
	<TEAM>MANCHESTER UNITED</TEAM>
	<POSISI>MIDFIELDER</POSISI>
	<PEMAIN>NEMANJA MATIC</PEMAIN>
	<NEGARA>SERBIA</NEGARA>
	<NO_PUNGGUNG>31</NO_PUNGGUNG>
</CD>
<CD>
	<TEAM>MANCHESTER UNITED</TEAM>
	<POSISI>FORWARD</POSISI>
	<PEMAIN>ALEXIS SANCHEZ</PEMAIN>
	<NEGARA>CHILE</NEGARA>
	<NO_PUNGGUNG>7</NO_PUNGGUNG>
</CD>
<CD>
	<TEAM>MANCHESTER UNITED</TEAM>
	<POSISI>FORWARD</POSISI>
	<PEMAIN>ROMELU LUKAKU</PEMAIN>
	<NEGARA>BELGIA</NEGARA>
	<NO_PUNGGUNG>9</NO_PUNGGUNG>
</CD>
<CD>
	<TEAM>MANCHESTER UNITED</TEAM>
	<POSISI>FORWARD</POSISI>
	<PEMAIN>ANTHONY MARTIAL</PEMAIN>
	<NEGARA>PRANCIS</NEGARA>
	<NO_PUNGGUNG>11</NO_PUNGGUNG>
</CD>
<CD>
	<TEAM>MANCHESTER UNITED</TEAM>
	<POSISI>FORWARD</POSISI>
	<PEMAIN>JESSE LINGARD</PEMAIN>
	<NEGARA>INGGRIS</NEGARA>
	<NO_PUNGGUNG>14</NO_PUNGGUNG>
</CD>
<CD>
	<TEAM>MANCHESTER UNITED</TEAM>
	<POSISI>FORWARD</POSISI>
	<PEMAIN>MARCUS RASHFORD</PEMAIN>
	<NEGARA>PRANCIS</NEGARA>
	<NO_PUNGGUNG>10</NO_PUNGGUNG>
</CD>
</CATALOG>